imidro.gov.ir, سازمان توسعه و نوسازي معادن و صنايع معدني ايران 
1varzesh.com,1ورزش
24onlinenews.ir,24 آنلاین نیوز
598.ir,598
8sobh.ir,8 صبح
9sobh.ir,9صبح
isport.ir,isport
presstv.ir,PressTV
abadannews.com,آبادان نیوز
abshar-news.ir,آبشار نیوز
akharinnews.com,آخرین نیوز
azarsalam.ir,آذر سلام
azargalam.ir,آذر قلم
arassnews.ir,آراس نیوز
arman-ati.com,آرمان آتی
armanpress.ir,آرمان پرس
azadlo.ir,آزادلو
sirana.ir,آژانس خبری جنوب ایران
egna.ir,آژانس خبری دولت الکترونیک
aftabilam.ir,آفتاب ایلام
aftaberey.com,آفتاب ری
aftabnews.ir,آفتاب نیوز
aftana.ir,آفتانا
amardkhabar.ir,آمارد خبر
anaj.ir,آناج
ahanonline.com,آهن آنلاین
ava24.ir,آوا 24
avaeabiposhan.ir,آوای آبی پوشان
avayedena.com,آوای دنا
avayerasht.com,آوای رشت
aviny.com,آوینی
avinynews.ir,آوینی نیوز
itanalyze.com,آی تی آنالایز
itresan.com,آی تی رسان
newsit.ir,آی تی نیوز
isabk.ir,آی سبک
ictpress.ir,آی سی تی پرس
ainanews.com,آینا نیوز
tccim.i,اتاق بازرگانی صنایع و معادن تهران
eccim.com,اتاق بازرگانی و صنایع و معادن استان اصفهان
icccoop.ir,اتاق تعاون ایران
otaghkhabar24.ir,اتاق خبر
otaghnews.com,اتاق نیوز
ettehadkhabar.ir,اتحاد خبر
tgju.org,اتحادیه طلا،جواهر و سکه تهران
atraknews.com,اترک نیوز
ehtesab.ir,احتساب
akhbarbank.com,اخبار بانک
pnuna.com,اخبار پیام نور
earthnews.ir,اخبار زمین
newssh.ir,اخبار شیروان
isfahan.isiri.org,اداره کل استاندارد استان اصفهان
isf-maliat.ir,اداره کل امور مالیاتی استان اصفهان
ebto.ir,اداره کل انتقال خون استان اصفهان
es.lmo.ir,اداره کل پزشک قانونی استان اصفهان
isfahan.mcls.gov.ir,اداره کل تعاون کار و رفاه اجتماعی استان اصفهان
eocr.ir,اداره کل ثبت احوال استان اصفهان
sabt-es.ir,اداره کل ثبت اسناد و املاک استان اصفهان
isfrud.ir,اداره کل راه و شهرسازی استان اصفهان
isfahancht.ir,اداره کل میراث فرهنگی صنایع دستی و گردشگری استان اصفهان
adyannews.com,ادیان نیوز
eranico.com,ارانیکو
ertebatemrooz.ir,ارتباط امروز
aja.ir,ارتش جمهوری اسلامی ایران
arjanews.ir,ارجا نیوز
argnews.ir,ارگ نیوز
uromnews.ir,اروم نیوز
aznakhabar.ir,ازنا خبر
espadanakhabar.ir,اسپادانا خبر
ostannews.com,استان 24
ostan-es.ir,استانداری اصفهان
ostan-th.ir,استانداری تهران
sbportal.ir,استانداری سیستان بلوچستان
esteghlali.com,استقلالی
eslamshahrnews.ir,اسلامشهر نیوز
ashkezarnews.ir,اشکذر نیوز
eshkevariha.ir,اشکوری ها
isfictnews.ir,اصفهان آی سی تی نیوز
esfahanebidar.ir,اصفهان بیدار
esfahanshargh.ir,اصفهان شرق
esfahanmedia.ir,اصفهان مدیا
eslahatnews.com,اصلاحات نیوز
etelaterooz.ir,اطلاعات روز
etedaal.ir,اعتدال
afghanirca.com,افغان ایرکا
ofoghetaze.com,افق تازه
ofoghnews.ir,افق نیوز
afkarnews.ir,افکار نیوز
eghtesadeiranonline.com,اقتصاد  ایران آنلاین
eghtesadonline.com,اقتصاد آنلاین
ireconomy.ir,اقتصاد ایرانی
eghtesadpress.ir,اقتصاد پرس
tehraneconomy.ir,اقتصاد تهران
eghtesademelat.ir,اقتصاد ملت
eghtesadnews.com,اقتصاد نیوز
oxinpress.ir,اکسین پرس
ecofars.com,اکو فارس
ecoview.ir,اکوویو
agrofoodnews.com,اگرو فود نیوز
alborzpress.net,البرز پرس
fa.alalam.ir,العالم
alef.ir,الف
omidnameh.com,امید
inhnews.ir,امید هسته ای
anarpress.ir,انار پرس
entekhab.ir,انتخاب
entekhabkhabar.ir,انتخاب خبر
noskhehonar.ir,انجمن تئاتر
prsir.org,انجمن روابط عمومی ایران
ipsa.ir,انجمن علوم سیاسی ایران
androidkade.com,اندرویدکده
irtt.ir,اندیشکده روابط بین الملل
andeshenews.ir,اندیشه نیوز
andimeshkjavan.ir,اندیمشک جوان
energyhub.ir,انرژی هاب
ensafnews.com,انصاف نیوز
enghelab-news.ir,انقلاب نیوز
aharnews.ir,اهر خبر
aharvesal.ir,اهروصال
ahwazcity.ir,اهواز سیتی
oilnews.ir,اویل نیوز
abnews.ir,ای بی نیوز
ibena.ir,ایبنا
itna.ir,ایتنا
isaar.ir,ایثار
iranecona.com,ایران اکونا
iraneconomist.com,ایران اکونومیست
iranjib.ir,ایران جیب
irankhabar.ir,ایران خبر
iranmatlab.ir,ایران مطلب
irannuc.ir,ایران هسته ای
irangardnews.ir,ایرانگرد نیوز
siona.ir,ایرانیان موفق
irban.ir,ایربان
istanews.ir,ایستا نیوز
istgahit.net,ایستگاه آی تی
ictna.ir,ایستنا
ifnaa.ir,ایفنا
ilamebidar.ir,ایلام بیدار
ilampooya.ir,ایلام پویا
ilamnews.ir,ایلام نیوز
barishnews.ir,باریش نیوز
bazentekhabat.com,باز انتخابات
bazkhabar.ir,باز خبر
bazinam.ir,بازینام هنر
bashtnews.ir,باشت نیوز
bashgah.net,باشگاه اندیشه
perspolisnews.com,باشگاه پرسپولیس
yjc.ir,باشگاه خبرنگاران جوان
iscanews.ir,باشگاه خبرنگاران دانشجویی ایران
yphc.ir,باشگاه عکاسان جوان
fcesteghlal.ir,باشگاه فرهنگی ورزشی استقلال
tractor-club.com,باشگاه فرهنگی ورزشی تراکتورسازی تبریز
saipasport.com,باشگاه فرهنگی ورزشی سایپا
fooladsepahansport.com,باشگاه فرهنگی ورزشی سپاهان
iir.ir,باشگاه فضایی ایران
bafghfarda.com,بافق فردا
bafghnews.ir,بافق نیوز
bameirankhabar.ir,بام خبر
bamna.ir,بامنا
consbank.com,بانک اطلاعات ساختمان
ariafair.com,بانک اطلاعات نمایشگاه ایران
en-bank.com,بانک اقتصاد نوین
izbank.ir,بانک ایران زمین
ttbank.ir,بانک توسعه تعاون
edbi.ir,بانک توسعه صادرات
sb24.com,بانک سامان
banksepah.ir,بانک سپه
sbank.ir,بانک سرمایه
sinabank.ir,بانک سینا
bsi.ir,بانک صادرات ایران
bim.ir,بانک صنعت و معدن
rqbank.ir,بانک قرض الحسنه رسالت
qmb.ir,بانک قرض الحسنه مهر ایران
karafarinbank.ir,بانک کار آفرین
tourismbank.ir,بانک گردشگری
cbi.ir,بانک مرکزی ایران
bank-maskan.ir,بانک مسکن
bankmellat.ir,بانک ملت
bmi.ir,بانک ملی
mebank.ir,بانک مهر اقتصاد
bima.ir,بانک و بیمه
bankvarzesh.com,بانک ورزش
bankdaran24.ir,بانکداران 24
ebinews.com,بانکداری الکترونیک
bankdariirani.ir,بانکداری ایرانی
bankdarinews.com,بانکداری نیوز
banki.ir,بانکی
badrpress.ir,بدر پرس
bedandid.com,بدندید
bartarinha.ir,برترین ها
barsam.ir,برسام
barghnews.com,برق نیوز
mtcm.ir,برگزیده ها
borujerdema.ir,بروجردما
beroozresani.com,بروزرسانی
basijpress.ir,بسیج پرس
basironline.com,بصیر آنلاین
bealaveh1.ir,بعلاوه یک
boghanews.ir,بقاع نیوز
bloghnews.com,بلاغ مازندران
baladiye.com,بلدیه
bonabnews.com,بناب نیوز
shamstoos.ir,بنیاد بین المللی فرهنگی هنری امام رضا
deabel.org,بنیاد دعبل خراعی
bonyadmaskan.ir,بنیاد مسکن
bmn.ir,بنیاد ملی نخبگان
isfahan.bmn.ir,بنیاد نخبگان استان اصفهان
baharnews.ir,بهار نیوز
baharestaneh.ir,بهارستانه
topinearth.com,بهترین ها در زمین
bahmanshir.ir,بهمن شیر
boursenews.ir,بورس نیوز
boursi.com,بورسی
bushehrnews.com,بوشهر نیوز
bultannews.com,بولتن نیوز
boyernews.com,بویر نیوز
bibaknews.com,بی باک نیوز
bayan-news.ir,بیان گلپایگان
beytoote.com,بیتوته
iraninsurance.ir,بیمه ایران
binaa.ir,بینا
binanews.ir,بینا نیوز
binahaiat.com,بینهایت
parsfootball.com,پارس فوتبال
parsnamaddata.com,پارس نما داده ها
parsine.com,پارسینه
paven.ir,پاون
payetakhtema.ir,پایتخت ما
paydarymelli.ir,پایداری ملی وابسته
mwfpress.com,پایگاه اطلا رسانی جبهه جهانی مستضعفین
news.ostan-th.ir,پایگاه اطلاع رسانی استانداری تهران
farsp.ir,پایگاه اطلاع رسانی استانداری فارس
mazandasnaf.ir,پایگاه اطلاع رسانی اصناف مازندران
sena.ir,پایگاه اطلاع رسانی بازار سرمایه ایران
shahrebehesht.ir,پایگاه اطلاع رسانی سازمان فرهنگی تفریحی شهرداری مشهد
isfahanbasij.ir,پایگاه اطلاع رسانی سپاه صاحب الزمان استان اصفهان
spstk.com,پایگاه اطلاع رسانی ستارگان کاراته
bavanat.com,پایگاه اطلاع رسانی شهرستان بوانات
shoraha.org.ir,پایگاه اطلاع رسانی شورای عالی استان ها
sabainfo.ir,پایگاه اطلاع رسانی صنایع آب،برق،نفت و انرژی
ipina.ir,پایگاه اطلاع رسانی صنعت چاپ
regmed.ir,پایگاه اطلاع رسانی طب بازساختی
rezaee.ir,پایگاه اطلاع رسانی محسن رضایی
iraniansocialworkers.ir,پایگاه اطلاع رسانی مددکاران اجتماعی ایران
fvpresident.ir,پایگاه اطلاع رسانی معاون اول رئیس جمهور
eknews.ir,پایگاه خبری آبا
absharnews.ir,پایگاه خبری آبشار
arastabar.ir,پایگاه خبری ارس تبار
moghym.com,پایگاه خبری ایرانیان خارج از کشور
tabnos.ir,پایگاه خبری تابنوس
shakhesnews.com,پایگاه خبری تحلیل استان قزوین
armankhabar.ir,پایگاه خبری تحلیلی آرمان
parastuha.com,پایگاه خبری تحلیلی پرستوها
haraa.ir,پایگاه خبری تحلیلی حرا
ghariv.ir,پایگاه خبری تحلیلی دانشجویان استان فارس
sokhanpress.ir,پایگاه خبری تحلیلی سخن
hsenews.ir,پایگاه خبری تحلیلی سلامت ایمنی و محیط زیست
koogana.ir,پایگاه خبری تحلیلی کنگان
gornanews.ir,پایگاه خبری تحلیلی گرنا
garoo.ir,پایگاه خبری تحلیلی گرو
hajnews.ir,پایگاه خبری حج و زیارت
hosnanews.ir,پایگاه خبری حسنا
news.iut.ac.ir,پایگاه خبری دانشگاه صنعتی اصفهان
rishe.ir,پایگاه خبری ریشه
semna.ir,پایگاه خبری سمنا
mobarakeh.net,پایگاه خبری شمس مبارکه
nabteh.ir,پایگاه خبری شهر تهران
shorakhabar.com,پایگاه خبری شورای شهراصفهان
mespress.ir,پایگاه خبری صنایع مس ایران
freena.ir,پایگاه خبری مناطق آزاد اقتصادی
webda.mui.ac.ir,پایگاه خبری و اطلاع رسانی دانشگاه علوم پزشکی اصفهان
news.mrud.ir,پایگاه خبری وزارت راه و شهرسازی
petrotahlil.ir,پترو تحلیل
jpcomplex.ir,پتروشیمی جم
fnpcc.com,پتروشیمی فن آوران
pechpech.net,پچ پچ
pedalnews.ir,پدال نیوز
iranecar.com,پرتال جامع خودرو کشور
unp.ir,پرتال دانشگاهی
pardad.ir,پرداد
pressshia.com,پرس شیعه
porcesh.ir,پرسش
parandpress.ir,پرند پرس
pezeshkna.ir,پزشکنا
pajvak.com,پژواک اندیشه
iscs.ac.ir,پژوهشکده مطالعات فرهنگی و اجتماعی وزارت علوم تحقیقات و فن آوری
ric.ir,پژوهشگاه فرهنگ هنر و ارتباطات
postbank.ir,پست بانک ایران
news.police.ir,پلیس
cyberpolice.ir,پلیس فتا
knp.ir,پورتال خبری کاشان
poolpress.ir,پول پرس
poolnews.ir,پول نیوز
polimali.com,پولی مالی
puyesh.net,پویش
payamonline.net,پیام آنلاین
payamboshruyeh.ir,پیام بشرویه
pr-m.ir,پیام روابط عمومی
payampress.com,پیام ساختمان
peykneka.ir,پیک نکا
peykehashtrood.ir,پیک هشت رود
theateronline.ir,تئاتر آنلاین
tabeshekosar.ir,تابش کوثر
tabnakesfahan.ir,تابناک اصفهان
tarood.ir,تارود
tarikhirani.ir,تاریخ ایرانی
tazehnews.com,تازه نیوز
tamin.ir,تامین اجتماعی
tabrizeman.ir,تبریزمن
tabasomnews.ir,تبسم
tebyan.net,تبیان
tejaratemrouz.ir,تجارت امروز
tejaratnews.com,تجارت نیوز
tahrireno.ir,تحریر نو
tahlileiran.ir,تحلیل ایران
tahlilha.com,تحلیلها
tadbirkhabar.com,تدبیر
tadbir24.ir,تدبیر 24
tadbireghtesad.ir,تدبیر اقتصاد
tadbirvaomid.ir,تدبیر و امید
taraznews.com,تراز نیوز
tarashe.com,تراشه
toranji.ir,ترنجی
tarnamedashti.ir,ترنم دشتی
teribon.ir,تریبون
tashkhisnews.ir,تشخیص نیوز
taamolnews.ir,تعامل
techlook.ir,تک لوک
tamashagar.com,تماشاگر
tennisfa.com,تنیس فا
tehranpress.com,تهران پرس
tehrannews.ir,تهران نیوز
2daylink.com,تو دی لینک
tozibae.ir,تو زیبایی
tourismonline.co,توریسم آنلاین
tuseah.com,توسعه
titre1.ir,تیتر ۱
titrnews.com,تیتر نیوز
titre20.ir,تیتر20
tirpress.ir,تیر پرس
tik.ir,تیک
tinn.ir,تین نیوز
salas.ir,ثلاث
jameparsi.ir,جام پارسی
jamejamonline.ir,جام جم
jamnews.ir,جام نیوز
jamenews.ir,جامع نیوز
mohandesin.ir,جامعه اسلامی مهندسین
petronet.ir,جامعه اطلاعاتی صنایع نفت و گاز و پتروشیمی
jameaecinema.ir,جامعه سینما
jana.ir,جانا
jamaran.ir,جماران
rcs-isf.ir,جمعیت هلال احمر استان اصفهان
jomhouriat.ir,جمهوریت
jonoubiran.com,جنوب ایران
jonoubnews.ir,جنوب نیوز
jahansahm.com,جهان سهم
jahangirieh.ir,جهانگیریه
jahanipress.ir,جهانی پرس
javaneirani.com,جوان ایرانی
javanroodhawal.com,جوانرود هه وال
jouybaran.ir,جویباران
gsm.ir,جی اس ام
printfamily.ir,چاپ و زندگی
chalusema.ir,چالوس ما
chaheyni.ir,چاه عینی
chandsanieh.ir,چند ثانیه
hafeznews.ir,حافظ نیوز
hamihonar.com,حامی هنر
ehavadar.com,حامیان ولایت
haghnama.ir,حق نما
shortfilmsupport.ir,حمایت از فیلم کوتاه مستقل
hajj.ir,حوزه نمایندگی ولی فقیه
hozehonari.com,حوزه هنری
khanehkheshti.com,خانه خشتی
iranhim.ir,خانه صنعت معدن و تجارت ایران
icana.ir,خانه ملت
iranminehouse.ir,خانه ی معدن ایران
khanevadeirani.ir,خانواده ایرانی
ksabz.net,خانواده سبز
middleeastpress.com,خاورمیانه
khabaronline.ir,خبر آنلاین
khabarostan.ir,خبر استان
khabarkhodro.com,خبر خودرو
rasanews.ir,خبر گزاری رسا
khabarmachine.ir,خبر ماشین
khabareno.com,خبر نو
khabarsport.com,خبر ورزشی
khabartek.ir,خبرتک
khabarrasan.ir,خبررسان
ana.ir,خبرگزاری آنا
econews.ir,خبرگزاری اقتصادی ایران
abna.ir,خبرگزاری اهل بیت (ع)
imna.ir,خبرگزاری ایمنا
bornanews.ir,خبرگزاری برنا
iqna.ir,خبرگزاری بین المللی قرآن
tabnak.ir,خبرگزاری تابناک
tasnimnews.com,خبرگزاری تسنیم
taghribnews.ir,خبرگزاری تقریب
irna.ir,خبرگزاری جمهوری اسلامی ایران
javana.ir,خبرگزاری جوانان منطقه قهاوند
hawzahnews.com,خبرگزاری حوزه
snn.ir,خبرگزاری دانشجو
isna.ir,خبرگزاری دانشجویان ایران
defapress.ir,خبرگزاری دفاع مقدس
shabestan.ir,خبرگزاری شبستان
sinapress.ir,خبرگزاری علم و فرهنگ
farsnews.com,خبرگزاری فارس
ilna.ir,خبرگزاری کار ایران
pana.ir,خبرگزاری کانون دانش آموزی
ibna.ir,خبرگزاری کتاب ایران
kurdpress.com,خبرگزاری کرد پرس
iana.ir,خبرگزاری کشاورزی ایران
gpna.ir,خبرگزاری گیلان
mehrnews.com,خبرگزاری مهر
chn.ir,خبرگزاری میراث فرهنگی
upna.ir,خبرگزاری یوپنا
mbbnews.ir,خبرنامه اهل قلم
iusnews.ir,خبرنامه دانشجویان ایران
isunews.ir,خبرنامه صادق
khabarnema.ir,خبرنما
medplant.ir,خبری آموزشی گیاهان دارویی
maadna.ir,خبری مادنا
khordokalan.ir,خرد و کلان
khordadnews.ir,خرداد نیوز
khazaronline.com,خزر آنلاین
khatnews.com,خط نیوز
pgnews.ir,خلیج فارس
khananews.com,خوانا
khansarnews.ir,خوانسار نیوز
khodrobank.ir,خودرو بانک
khorshidonline.com,خورشید آنلاین
khouznews.ir,خوزنیوز
khiav-news.com,خیاونیوز
kheybaronline.ir,خیبرآنلاین
khaierin.ir,خیرین
dadgostari-es.ir,دادگستری کل استان اصفهان
dadgostari-th.ir,دادگستری کل استان تهران
dadnegar.com,دادنگار
daranews.ir,دارا خبر
daghnewz.com,داغ نیوز
damna.ir,دامپروری ایران
danakhabar.com,دانا
mui.ac.ir,دانشگاه علوم پزشکی و خدملت بهداشتی درمانی اصفهان
daneshgahnews.com,دانشگاه نیوز
aui.ac.ir,دانشگاه هنر اصفهان
pcci.ir,دبیرخانه شورای فرهنگ عمومی
dariconline.ir,دریک آنلاین
deztoday.ir,دزفول امروز
dezna24.com,دزنا 24
ipis.ir,دفتر مطالعات سیاسی و بین المللی
rasaneh.org,دفتر مطالعات و برنامه ریزی رسانه ها
farsi.khamenei.ir,دفتر نشر آثار رهبری
daghighe.com,دقیقه
hidoctor.ir,دکتر سلام
velayati.ir,دکتر علی ولایتی
doctoreman.ir,دکتر من
delfanemrooz.ir,دلفان امروز
dande6.com,دنده6
donya-e-eqtesad.com,دنیای اقتصاد
donyayebank.ir,دنیای بانک
donyayepanjereh.com,دنیای پنجره
donyayekhodro.com,دنیای خودرو
donyayesafar.com,دنیای سفر
donyayecinema.ir,دنیای سینما
telna.ir,دنیای مخابرات
donyayemadan.ir,دنیای معدن
dolat.ir,دولت
dolatebahar.com,دولت بهار
dsport.ir,دی اسپورت
mag.digikala.com,دی جی کالا مگ
diyareaftab.ir,دیار آفتاب
diyarebaran.ir,دیار باران
diarealeman.ir,دیار عالمان
diyarmirza.ir,دیار میرزا
energydiplomacy.com,دیپلماسی انرژی
irdiplomacy.ir,دیپلماسی ایرانی
data-link.ir,دیتا لینک
digiato.com,دیجیاتو
didban.ir,دیدبان
dinonline.com,دین آنلاین
radnews.ir,راد نیوز
radiosaham.ir,رادیو سهام
ragheboon.com,راقبون
raganews.ir,راگا نیوز
rahemrooz.ir,راه امروز
way2pay.ir,راه پرداخت
rahemobin.ir,راه مبین
rahnews.ir,راه نیوز
rahianenoor.com,راهیان نور
ravinews.com,راوی نیوز
raby.ir,ربیع
rajanews.com,رجا نیوز
rohama.org,رحماء
rasanehiran.com,رسانه ایران
hoteljar.ir,رسانه تخصصی هتلداری ایران
rasayeandisheh.ir,رسای اندیشه
rashtpress.ir,رشت پرس
rokna.ir,رکنا
ramzeobour.ir,رمز عبور
rahberey.com,ره به ری
rahyabnews.com,رهیاب
pririb.ir,روابط عمومی صدا و سیما
roozno.com,روز نو
roozannews.ir,روزان
19dey.com,روزنامه 19 دی
azarbaidgan.ir,روزنامه آذربایجان
ebtekarnews.com,روزنامه ابتکار
esfahanemrooz.ir,روزنامه اصفهان امروز
isfahanziba.ir,روزنامه اصفهان زیبا
afkarpress.ir,روزنامه افکار
eghtesadbartar.ir,روزنامه اقتصاد برتر
eghtesad-pooya.com,روزنامه اقتصاد پویا
bakhtardaily.ir,روزنامه باختر
bazarekar.ir,روزنامه بازار کار
banifilm.ir,روزنامه بانی فیلم
birjandemrooz.com,روزنامه بیرجند امروز
jomhourieslami.com,روزنامه جمهوری اسلامی
jahaneghtesad.com,روزنامه جهان اقتصاد
jahanesanat.com,روزنامه جهان صنعت
javanonline.ir,روزنامه جوان آنلاین
hemayatonline.ir,روزنامه حمایت
khabare-shomal.com,روزنامه خبر شمال
varzeshi.net,روزنامه خبر ورزشی
resalat-news.com,روزنامه رسالت
siasatrooz.ir,روزنامه سیاست روز
sharghdaily.ir,روزنامه شرق
asre-eqtesad.ir,روزنامه عصر اقتصاد
asre-iranian.ir,روزنامه عصر ایرانیان
kasbokarnews.ir,روزنامه کسب و کار
eskimia.ir,روزنامه کیمیای وطن
kayhan.ir,روزنامه کیهان
smtnews.ir,روزنامه گسترش صمت
goaldaily.ir,روزنامه گل
mardomsalari.com,روزنامه مردم سالاری
nhn.ir,روزنامه ندای هرمزگان
navad.net,روزنامه نود
noordaily.ir,روزنامه نور خوزستان
hadafeconomic.com,روزنامه هدف و اقتصاد
hamedanpayam.com,روزنامه همدان پیام
hamshahrionline.ir,روزنامه همشهری
hamvatansalam.com,روزنامه هموطن سلام
vareshnews.ir,روزنامه وارش
vaghayedaily.ir,روزنامه وقایع اتفاقیه
rooyeshnews.com,رویش
rooykard.ir,رویکرد
president.ir,ریاست جمهوری
zahedaneh.ir,زاهدانه
ziryan.ir,زریان
zariwarkhabar.com,زریوار نیوز
zananekavir.ir,زنان کویر
zendegionline.ir,زندگی آنلاین
zoomtech.ir,زوم تک
zoomit.ir,زومیت
zistboom.com,زیست بوم
sada.ir,سادا
sarinews.ir,ساری نیوز
irantvto.ir,سازمان آموزش فنی و حرفه ایی کشور
cinema.farhang.gov.ir,سازمان امور سینمایی
ashayer.ir,سازمان امور عشایر ایران
intamedia.ir,سازمان امور مالیاتی کشور
ibto.ir,سازمان انتقال خون ایران
bazresi.ir,سازمان بازرسی کل کشور
basij.ir,سازمان بسیج مستضعفین
pmo.ir,سازمان بنادر و دریانوردی
ihio.gov.ir,سازمان بیمه سلامت ایران
irost.org,سازمان پژوهش هاي علمي و صنعتي ايران
ido.ir,سازمان تبلیغات اسلامی
areo.ir,سازمان تحقیقات آموزش و ترویج کشاورزی
tazirat.gov.ir,سازمان تعزیرات حکومتی
farsi.tpo.ir,سازمان توسعه تجارت
news.imidro.gov.ir,سازمان توسعه و نو سازی معادن و صنایع معدنی
agri-es.ir,سازمان جهاد کشاورزی استان اصفهان
isfahan.haj.ir,سازمان حج و زیارت استان اصفهان
ipo.ir,سازمان خصوصی سازی
ivo.ir,سازمان دامپزشکی کشور
rmto.ir,سازمان راهداری و حمل و نقل جاده ای
gsi.ir,سازمان زمين شناسي و اكتشافات معدني
prisons.ir,سازمان زندانها کشور
sanjesh.org,سازمان سنجش
fisheries.ir,سازمان شیلات ایران
isipo.ir,سازمان صنايع كوچك و شهرك هاي صنعتي
esf.mimt.gov.ir,سازمان صنعت و معدن و تجارت استان اصفهان
icro.ir,سازمان فرهنگ و ارتباطات اسلامی
esfahanfarhang.ir,سازمان فرهنگی تفریحی شهرداری اصفهان
itc.ir,سازمان فناوری اطلاعات ایران
iranleague.ir,سازمان لیگ فوتبال ایران
isiri.org,سازمان ملی استاندارد و تحقیقات صنعتی
nlho.ir,سازمان ملی زمین و مسکن
esfahan.irannsr.org,سازمان نظام صنفی یارانه ای اصفهان
ime.org.ir,سازمان نظام مهندسی معدن ایران
cao.ir,سازمان هواپیمایی کشور
irimo.ir,سازمان هواشناسی
saat24.com,ساعت24
e-rasaneh.ir,سامانه جامع رسانه های کشور
savalankhabar.ir,ساوالان خبر
cyberbannews.com,سایبربان
saipanews.com,سایپا نیوز
ch-b.ir,سایت استان چهار محال و بختیاری
k-b.ir,سایت استان کهکیلویه و بویراحمد
sobhetehran.com,سایت تحلیلی خبری صبح تهران
sepehrbrd.ir,سایت سپهر بردسیر
saba724.ir,سبا724
sabzevarnews.ir,سبزوار نیوز
sabalaneh.ir,سبلانه
sepas.ir,سپاس
setare.com,ستاره
setaresobh.ir,ستاره صبح
setarehnews.ir,ستاره نیوز
sakhtafzarmag.com,سخت افزار
seraj24.ir,سراج24
newsday.ir,سرزمین ارتباطات
sarmadnews.com,سرمد نیوز
safirnews.com,سفیر
safireaflak.ir,سفیر افلاک
safirekhoor.ir,سفیر خور و بیابانک
salamkhabar.com,سلام خبر
salamdelfan.ir,سلام دلفان
salamdena.ir,سلام دنا
salamcinama.ir,سلام سینما
salamaneh.com,سلامانه
salamatnews.com,سلامت نیوز
salamatism.com,سلامتیسم
citna.ir,سیتنا
seirnews.com,سیرنیوز
cementgroup.ir,سیمان خبر
seemorgh.com,سیمرغ
shnc.ir,سینا خبر
cinemapress.ir,سینما پرس
cinemanegar.com,سینما نگار
cinemayeno.com,سینمای نو
shakheyetoba.ir,شاخه طوبی
shaina.ir,شاینا نیوز
shabaveiz.ir,شباویز
ijtihadnet.ir,شبکه اجتهاد
shara.ir,شبکه اطلاع رسانی روابط عمومی ایران
shana.ir,شبکه اطلاع رسانی نفت و انرژی
iranzanan.com,شبکه ایران زنان
aftabir.com,شبکه اینترنتی آفتاب
tasvirnet.com,شبکه تصویر
irinn.ir,شبکه خبر
jkaraj.net,شبکه خبری کرج
shabnamnews.com,شبنم نیوز
eshetab.com,شتاب
isfahaneast.com,شرق اصفهان
news.abfaesfahan.ir,شرکت آب و فاضلاب استان اصفهان
ttpc.ir,شرکت پایانه ها و مخازن پتروشیمی
razip.com,شرکت پتروشیمی رازی
stpc.ir,شرکت پتروشیمی شهید تندگویان
gpc.ir,شرکت پتروشیمی غدیر
farabico.com,شرکت پتروشیمی فارابی
fajrco.com,شرکت پتروشیمی فجر
npc-rt.ir,شرکت پژوهش و فن اوری پتروشیمی
tavanir.org.ir,شرکت توانیر
eepdc.ir,شرکت توزیع نیروی برق شهرستان اصفهان
assc.ir,شرکت خدمات حمايتی کشاورزی
esfahansteel.com,شرکت ذوب آهن اصفهان
cdtic.ir,شرکت ساخت و توسعه ی زیربناهای حمل و نقل کشور
tappico.com,شرکت سرمایه گزاری نفت و گاز و پتروشیمی تامین
shaparak.ir,شرکت شبکه الکترونیکی پرداخت کارت 
isfahaniec.ir,شرکت شهرکهای صنعتی استان اصفهان
final.apcp.ir,شرکت شهرکهای کشاورزی
rfpc.ir,شرکت صنایع پتروشیمی خلیج فارس
ntoir.gov.ir,شرکت عمران شهرهای جدید
airport.ir,شرکت فرودگاههای کشور
nigc-isfahan.ir,شرکت گاز استان اصفهان
sfida.ir,شرکت مادر تخصصی صندوق حمایت از توسعه سرمایه گذاری
tci.ir,شرکت مخابرات ایران
niordc.ir,شرکت ملی پالایش و پخش فراورده های نفتی ایران
niopdc.ir,شرکت ملی پخش فراورده های نفتی ایران
nipc.ir,شرکت ملی صنایع پتروشیمی
niscoir.com,شرکت ملی فولاد ایران
nigc.ir,شرکت ملی گاز ایران
nioc.ir,شرکت ملی نفت ایران
isfahanfair.ir,شرکت نمایشگاه های بین المللی استان اصفهان
shariyan.com,شریان
shoaresal.ir,شعار سال
shafaonline.ir,شفا آنلاین
shafaf.ir,شفاف نیوز
shalamchenews.com,شلمچه نیوز
shomalnews.com,شمال نیوز
shomalevarzeshi.com,شمال ورزشی
shamspress.ir,شمس پرس
shamskhabar.ir,شمس خبر
shohadayeiran.com,شهدای ایران
shahraraonline.com,شهر آرا آنلاین
ashkhane.com,شهر آشخانه
shahrefarda.ir,شهر فردا
shahrdaronline.com,شهردار آنلاین
new.isfahan.ir,شهرداری اصفهان
shahrvandalborz.com,شهروند البرز
shahriariha.com,شهریاریها
shoraonline.ir,شورا آنلاین
shoraes.ir,شورای حل اختلاف استان اصفهان
sccr.ir,شورای عالی انقلاب فرهنگی
shora-gc.ir,شورای نگهبان
shooshan.ir,شوشان
shiraze.ir,شیرازه
shia-online.ir,شیعه آنلاین
shia-news.com,شیعه نیوز
sahebnews.ir,صاحب نیوز
sabairan.com,صبا ایران
sabayesalamat.ir,صبای سلامت
sobhekavir.ir,صبح کویر
sobhanehonline.com,صبحانه انلاین
sedayeabyek.ir,صدای آبیک
sedayeazad.com,صدای آزاد
sedayiran.com,صدای ایران
medvoice.ir,صدای پزشکان
sedayesanaat.ir,صدای صنعت
seratnews.ir,صراط نیوز
sarihkhabar.ir,صریح خبر
samair.ir,صما
cspf.ir,صندوق بازنشستگی کشوری
roostaa.ir,صندوق بیمه اجتماعی روستائیان و عشایر
imf.ir,صندوق توسعه صنایع دریایی
insf.org,صندوق حمایت از پژوهشگران و فناوران کشور
myindustry.ir,صنعت
tabasnews.ir,طبس نیوز
tarafdari.com,طرفداری
tala.ir,طلا
talanews.com,طلا نیوز
toluonline.ir,طلوع آنلاین
tolueyazd.ir,طلوع یزد
tanineyas.ir,طنین یاس
toofanezard.ir,طوفان زرد
tofannews.ir,طوفان نیوز
zohur12.ir,ظهور12
asremrooz.ir,عصر امروز
asrahwaz.ir,عصر اهواز
asriran.com,عصر ایران
asreilam.ir,عصر ایلام
asrebank.ir,عصر بانک
asrkhabar.com,عصر خبر
asrdena.ir,عصر دنا
asrezanjan.ir,عصر زنجان
asrefars.ir,عصر فارس
asrekazeroon.ir,عصر کازرون
asrnews.net,عصر کرمانشاه
financialtimes.ir,عصر مالی
asr8.ir,عصر هشتم
aghigh.ir,عقیق
elat.ir,علت
elmna.com,علمنا
ammariyon.ir,عماریون
ayaronline.ir,عیار آنلاین
gharbonline.ir,غرب آنلاین
gharbiran.com,غرب ایران
farsarab.com,فارس عرب
farsimatch.ir,فارسی مچ
farnet.ir,فارنت
fashnews.ir,فاش نیوز
fater24.com,فاطر 24
fava24.ir,فاوا24
fetan.ir,فتن
ffiri.ir,فدراسیون فوتبال ایران
metafootball.com,فراتر از فوتبال
faradeed.ir,فرادید
ottnews.ir,فرارسانه
fararu.com,فرارو
faraznews.com,فراز نیوز
fardanews.com,فردا نیوز
forsatnet.ir,فرصت نت
aranbidgol.gov.ir,فرمانداری آران و بیدگل
ardestan.gov.ir,فرمانداری اردستان
isfahan.gov.ir,فرمانداری اصفهان
borkhar.gov.ir,فرمانداری برخوار
boeinmiandasht.gov.ir,فرمانداری بوئین میاندشت
tirankarvan.gov.ir,فرمانداری تیران و کرون
chadegan.gov.ir,فرمانداری چادگان
khomeinishahr.gov.ir,فرمانداری خمینی شهر
khansar.gov.ir,فرمانداری خوانسار
khoorbiabanak.gov.ir,فرمانداری خور و بیابانک
dehaghan.gov.ir,فرمانداری دهاقان
semirom.gov.ir,فرمانداری سمیرم
shahinshahrmeimeh.gov.ir,فرمانداری شاهین شهر و میمه
shahreza.gov.ir,فرمانداری شهرضا
fereydan.gov.ir,فرمانداری فریدن
fereydoonshahr.gov.ir,فرمانداری فریدونشهر
falavarjan.gov.ir,فرمانداری فلاورجان
kashan.gov.ir,فرمانداری کاشان
golpayegan.gov.ir,فرمانداری گلپایگان
lenjan.gov.ir,فرمانداری لنجان
mobarakeh.gov.ir,فرمانداری مبارکه
naein.gov.ir,فرمانداری نایین
najafabad.gov.ir,فرمانداری نجف آباد
natanz.gov.ir,فرمانداری نطنز
farhangemrooz.com,فرهنگ امروز
farhangnews.ir,فرهنگ نیوز
farhangohonar.ir,فرهنگ و هنر
fhnews.ir,فرهنگ وهنر
farhangiannews.ir,فرهنگیان نیوز
fdn.ir,فرهیختگان
faryadgar.com,فریادگر
fereydanna.ir,فریدن نا
footofan.com,فوت وفن
footballiran.ir,فوتبال ایران
footballpress.ir,فوتبال پرس
foodpress.ir,فود پرس
foodna.ir,فودنا
msc.ir,فولاد مبارکه اصفهان
mehrsteel.com,فولاد مهر
faceit.ir,فیسیت
qudsonline.ir,قدس آنلاین
qalamnews.com,قلم نیوز
qumpress.ir,قم پرس
qomefarda.ir,قم فردا
qumna.com,قم نا
qomnews.ir,قم نیوز
ghomess.ir,قومس
dadiran.ir,قوه قضاییه
cup.ir,کاپ
carpress.ir,کار پرس
kargarankerman.ir,کارگران کرمان
karyab.net,کاریاب
kazeroonnema.ir,کازرون نما
kashanna.ir,کاشان حامی
kashannews.net,کاشان نیوز
kashanehnews.ir,کاشانه نیوز
kaghazkhabar.ir,کاغذ اخبار
caffecinema.com,کافه سینما
cafefarda.ir,کافه فردا
cafegardesh.com,کافه گردش
kanoonnews.ir,کانون پرورش فکری کودکان ونوجوانان
koronanews.ir,کانون رسانه و نمونه اخبار
kanoonsobhan.ir,کانون سبحان
prr.ir,کاوشگران روابط عمومی
kebnanews.ir,کبنا نیوز
avval.ir,کتاب اول
karbobala.com,کرب و بلا
karajrasa.ir,کرج رسا
kurdistanefarda.ir,کردستان فردا
kerman1400.com,کرمان 1400
kermanfarda.com,کرمان فردا
artkerman.ir,کرمان هنر
keshavarznews.ir,کشاورز نیوز
kamalemehr.ir,کمال مهر
kamooneh.com,کمونه
kvb.ir,کهگیلویه و بویراحمد
kavare.ir,کواره
kooleposhty.com,کوله پشتی
kouhbananomid.ir,کوهبانان امید
kiapress.ir,کیاپرس
kimiyanews.com,کیمیا نیوز
gadgetnews.ir,گجت
gozarnews.ir,گذار نیوز
gorgankhabar.com,گرگان خبر
garmeh.ir,گرمه
goftarnews.ir,گفتار نیوز
goftareno.ir,گفتارنو
goftogoonews.com,گفتگو نیوز
goftemannews.com,گفتمان نیوز
golestanema.com,گلستان ما
golvani.ir,گلونی
irica.gov.ir,گمرک
gooyait.com,گویا آی تی
giahyab.com,گیاه یاب
gignews.ir,گیگ نیوز
gilkhabar.ir,گیل خبر
lahig.ir,لاهیگ
lenjnews.ir,لنج نیوز
lengehnews.com,لنگه نیوز
lian-news.com,لیان
lisna.ir,لیزنا
maadnews.com,ماد نیوز
mazaninews.ir,مازنی نیوز
film-magazine.com,ماهنامه فیلم
nojum.ir,ماهنامه نجوم
mahin-news.ir,ماهین نیوز
mysteel.ir,مای استیل
minews.ir,ماین نیوز
mosalas.ir,مثلث
parliran.ir,مجلس شورای اسلامی
majlesnews.ir,مجلس نیوز
machinemag.ir,مجله ماشین
haftmag.ir,مجله هنری هفت
yeknet.ir,مجله یک نت
maslahat.ir,مجمع تشخیص مصلحت نظام
petpr.ir,مجمع روابط عمومی های منطقه ویژه اقتصادی پتروشیمی
mananashr.ir,مجمع ناشران انقلاب اسلامی
majmavaredat.com,مجمع واردات
mohammadshahrsalam.ir,محمدشهر سلام
modopooshak.com,مد و پوشاک
modirinfo.com,مدیر اینفو
topbrands.ir,مرجع برند
civilica.com,مرجع دانش سیویلیکا
mobile.ir,مرجع موبایل ایران
mersadnews.ir,مرصاد
morghodam.ir,مرغ و دام
incc.ir,مركز ملي فرش ايران
palestine-persian.info,مرکز اطلاع رسانی فلسطین
css.ir,مرکز بررسی های استراتژیک
peace-ipsc.org,مرکز بین المللی مطالعات صلح
rc.majlis.ir,مرکز پژوهش های مجلس شورای اسلامی
tsrc.ir,مرکز پژوهشی مطالعات راهبردی توسعه
csr.ir,مرکز تحقیقات استراتژیک مجمع تشخیص مصلحت نظام
bhrc.ac.ir,مرکز تحقیقات راه،مسکن و شهرسازی
eshraf.ir,مرکز رصد راهبردی اندیشکده های استراتاژیک
fa.cmess.ir,مرکز مطالعات علمی و پژوهش های استراتژیک خاورمیانه
markazidaily.ir,مرکزی دیلی
mashreghnews.ir,مشرق نیوز
mashhadpayam.ir,مشهد پیام
mashhadnews.org,مشهد نیوز
moaser.ir,معاصر
dpp.irib.ir,معاونت امور مجلس و استا نها صدا و سیما
crtosh.mcls.gov.ir,معاونت روابط کار
isti.ir,معاونت علمی و فناوری ریاست جمهوری
madannews.ir,معدن نیوز
madan24.com,معدن24
memarinews.com,معماری نیوز
moghaneh.ir,مغانه
mafakhernaein.ir,مفاخر نایین
leader.ir,مقام معظم رهبری
makran.ir,مکران
magzit.ir,مگز آی تی
melateiran.com,ملت ایران
meliyat.com,ملیت
momtaznews.com,ممتاز نیوز
mehrkhane.com,مهرخانه
mobna.com,موبنا
mojerasa.ir,موج رسا
iras.ir,موسسه مطالعات ایران و اوراسیا
itsr.ir,موسسه مطالعات و پژوهشهاي بازرگاني
nedains.com,موسسه ندا
musiceiranian.ir,موسیقی ایرانیان
farsmusic.com,موسیقی فارس
musicema.com,موسیقی ما
movafaghiat.com,موفقیت
meybodkhabar.ir,میبد خبر
72sq.com,میدان 72
mirasema.ir,میراث ما
mirmalas.com,میرملاس نیوز
mizanonline.ir,میزان
mizbannews.com,میزبان
migna.ir,میگنا
mldl.ir,میلاد لارستان
mihansanat.com,میهن صنعت
nabnews.ir,ناب نیوز
narinnews.ir,نارین خبر
naseron.ir,ناصرون
nateghan.ir,ناطقان
nafee.ir,نافع
namehnews.ir,نامه نیوز
nedaesfahan.ir,ندای اصفهان
irneda.ir,ندای ایرانیان
nedayepishva.com,ندای پیشوا
nedayesahel.ir,ندای ساحل
nedayemoj.ir,ندای موج
nedayehirmand.ir,ندای هیرمند
nerkhbox.com,نرخ باکس
naslenghlab.ir,نسل انقلاب
nasimonline.ir,نسیم
nasimedehloran.ir,نسیم دهلران
nasimesadegh.ir,نسیم صادق
balageriveh.ir,نشریه بالا گریوه
nasrnews.ir,نصر نیوز
naftnews.net,نفت نیوز
neconews.com,نکونیوز
lmefa.com,نمایش آنلاین قیمت های لظه ای بورس جهانی
iran-un.org,نمایندگی دائم جمهوری اسلامی ایران نزد سازمان ملل
namayande.com,نماینده
nahad.ir,نهاد نمایندگی مقام معظم رهبری در دانشگاهها
noandish.com,نواندیش
navayeabidar.com,نوای آبیدر
90tv.ir,نود
90ict.com,نود فناوری
noorabad.com,نورآباد
noshahronline.ir,نوشهر آنلاین
neyzarnews.ir,نی زار نیوز
niniban.com,نی نی بان
hotelneed.ir,نیاز هتل
nipna.ir,نیپنا
niknews.ir,نیک نیوز
hashemirafsanjani.ir,هاشمی رفسنجانی
hamounpress.ir,هامون پرس
hodana.ir,هدانا
haraznews.com,هراز نیوز
hormoz.ir,هرمز
hormozonline.ir,هرمز آنلاین
hormozpress.ir,هرمز پرس
hormozban.ir,هرمزبان
hoshdarnews.ir,هشدار نیوز
7roozkhabar.ir,هفت روز خبر
shoma-weekly.ir,هفته نامه شما
kelidemelli.com,هفته نامه کلید ملی
nakhostnews.ir,هفته نامه نخست 
vaghayeostan.com,هفته نامه وقایع استان
hamandishi.ir,هم اندیشی
hamresan.net,هم رسان
hamnava.ir,هم نوا
homa-khouzestan.ir,هماخوزستان
hamedanpress.ir,همدان پرس
mci.ir,همراه اول
voiceart.ir,هنر صدا
honarma.ir,هنر ما
honarnews.com,هنر نیوز
hengamnews.com,هنگام نیوز
hoodar.ir,هودر
homian.ir,هومیان نیوز
iribnews.ir,واحد مرکزی خبر
varannews.ir,واران نیوز
vareth.ir,وارث
vananews.ir,وانا
wimaxnews.ir,وایمکس
weblognews.ir,وبلاگ نیوز
vetpars.com,وت پارس
varavi-m.ir,وراوی
varzesh11.com,ورزش 11
varzesh3.com,ورزش ۳
varzeshebanovan.com,ورزش بانوان
khuzestansport.ir,ورزش خوزستان
medu.ir,وزارت آموزش و پرورش
mefa.gov.ir,وزارت امور اقتصادی و دارایی
behdasht.gov.ir,وزارت بهداشت و درمان و آموزش پزشکی
maj.ir,وزارت جهاد و کشاورزی
msrt.ir,وزارت علوم، تحقیقات و فنآوری
farhang.gov.ir,وزارت فرهنگ و ارشاد اسلامی
moi.ir,وزارت کشور
mop.ir,وزارت نفت
news.moe.gov.ir,وزارت نیرو
vaghtnews.com,وقت نیوز
vakilemelat.ir,وکیل ملت
yarannews.ir,یاران نیوز
11news.ir,یازده نیوز
yazdava.ir,یزد آوا
yazdfarda.com,یزد فردا
yazdnegah.ir,یزد نگاه
yazdinews.ir,یزدی نیوز
1pezeshk.com,یک پزشک
1doost.com,یک دوست
